system:index,BAS_NAME,COUNTRY,site_no,.geo
0_00000000000000000000_004600000000000022b5,Sitang,Myanmar,myanmar_sittang_gold,"{""type"":""LineString"",""coordinates"":[[96.92500033856734,17.912498773260566],[96.9187486788904,17.918750432937493],[96.9187486788904,17.922915233321415]]}"
0_00000000000000000001_00460000000000001709,,Myanmar,myanmar_sittang_gold_east,"{""type"":""LineString"",""coordinates"":[[97.23333379910996,17.50416551249337],[97.2395854587869,17.5104171721703],[97.24375025917082,17.5104171721703]]}"
0_00000000000000000002_005c0000000000000777,Irrawaddy,Myanmar,myanmar_irrawaddy_gold_upper,"{""type"":""LineString"",""coordinates"":[[96.0770844368504,26.28541524873064],[96.0770844368504,26.28125044834672]]}"
0_00000000000000000003_005c0000000000004ed1,Irrawaddy,Myanmar,myanmar_uyu_gold_northcentral,"{""type"":""LineString"",""coordinates"":[[95.82916733648092,25.395833506770295],[95.82291567680397,25.389581847093357],[95.82291567680397,25.385417046709446],[95.81875087642005,25.381247787224474],[95.81875087642005,25.36874892697167],[95.8145816169351,25.364584126587744],[95.8145816169351,25.356250066718854]]}"
0_00000000000000000004_004500000000000017ba,Irrawaddy,Myanmar,myanmar_chindwin_gold_lower,"{""type"":""LineString"",""coordinates"":[[94.78958143508265,22.543747881975776],[94.7937506945676,22.539583081591857]]}"
0_00000000000000000005_005c0000000000005e55,Irrawaddy,Myanmar,myanmar_irrawaddy_kalat_agm_region,"{""type"":""LineString"",""coordinates"":[[96.02083287706117,23.793749843884044],[96.0395833969909,23.793749843884044],[96.0395833969909,23.79791464426797],[96.04374819737482,23.80208390375294],[96.0479174568598,23.802083903752937],[96.05208225724373,23.806248704136856]]}"
0_00000000000000000006_005c0000000000005c2f,Irrawaddy,Myanmar,myanmar_irrawaddy_tonpin_agm_region,"{""type"":""LineString"",""coordinates"":[[95.93124953689743,24.141666744478112],[95.93124953689743,24.14791840415504],[95.92291547702855,24.156248004922872],[95.92291547702855,24.160417264407855]]}"
0_00000000000000000007_005c0000000000000b90,Irrawaddy,Myanmar,myanmar_lalawng_ga_agm_region,"{""type"":""LineString"",""coordinates"":[[96.46041551801092,26.46875118854306],[96.45208145814205,26.47708524841196],[96.45208145814205,26.485414849179794]]}"
0_00000000000000000008_005c0000000000004b51,Irrawaddy,Myanmar,myanmar_shin_bway_yang_agm_region,"{""type"":""LineString"",""coordinates"":[[96.18124903745888,26.647917868870532],[96.18541829694387,26.652082669254437],[96.18958309732777,26.647917868870532],[96.1937478977117,26.647917868870532],[96.20625121706556,26.660416729123337]]}"
0_00000000000000000009_005c0000000000000755,Irrawaddy,Myanmar,myanmar_chaumawng_ga_agm_region,"{""type"":""LineString"",""coordinates"":[[96.30416861709818,26.32291628859012],[96.29375215703733,26.32291628859012],[96.28958289755235,26.327085548075097],[96.27708403729955,26.314582228721225],[96.27708403729955,26.31041742833731],[96.27291477781458,26.31041742833731]]}"
0_0000000000000000000a_005c000000000000388b,Irrawaddy,Myanmar,myanmar_janhtang_river_agm,"{""type"":""LineString"",""coordinates"":[[96.08124923723432,26.247918667972215],[96.08124923723432,26.252083468356133]]}"
0_0000000000000000000b_005c0000000000006306,Irrawaddy,Myanmar,myanmar_mu_river_migyaung_in_agm,"{""type"":""LineString"",""coordinates"":[[95.27499917576074,23.5020845030792],[95.28125083543767,23.5020845030792],[95.28541563582161,23.506249303463118],[95.2895848953066,23.502084503079203],[95.29374969569051,23.506249303463118],[95.29791449607443,23.506249303463118],[95.30624855594331,23.49791524359422],[95.31458261581218,23.497915243594225],[95.31875187529717,23.502084503079207],[95.3229166756811,23.49791524359423],[95.327081476065,23.5020845030792],[95.33125073555,23.5020845030792],[95.33958479541887,23.5104185629481],[95.3437495958028,23.5104185629481]]}"
0_0000000000000000000c_005c0000000000005544,Irrawaddy,Myanmar,myanmar_lower_mu_river_agm,"{""type"":""LineString"",""coordinates"":[[95.47499877620992,23.066666662513374],[95.45624825628018,23.04791614258363],[95.4437493960274,23.047916142583635]]}"
0_0000000000000000000d_005e00000000000005f1,Irrawaddy,Myanmar,myanmar_gadu_agm_region,"{""type"":""LineString"",""coordinates"":[[94.56666651431983,23.556249203575412],[94.556250054259,23.556249203575412],[94.55208525387506,23.552084403191493],[94.55208525387506,23.547915143706522]]}"
0_0000000000000000000e_005b00000000000061df,Irrawaddy,Myanmar,myanmar_kyatpyin_agm_region,"{""type"":""LineString"",""coordinates"":[[96.47708363774872,24.0145823644549],[96.47291883736479,24.0145823644549]]}"
0_0000000000000000000f_005b0000000000000d37,Irrawaddy,Myanmar,myanmar_mali_kha_river_yunrang_agm_region,"{""type"":""LineString"",""coordinates"":[[97.42708173988217,25.43958174720565],[97.42708173988217,25.427082886952842]]}"
0_00000000000000000010_005b0000000000000c61,Irrawaddy,Myanmar,myanmar_north_mali_kha_river_agm_region,"{""type"":""LineString"",""coordinates"":[[97.8020832202749,25.5854166471586],[97.79791841989098,25.589581447542518]]}"
0_00000000000000000011_005c0000000000004e9a,Irrawaddy,Myanmar,myanmar_uyu_river_mingon_agm_region,"{""type"":""LineString"",""coordinates"":[[95.42499887609763,24.837500545666234],[95.41875167552175,24.8312488859893],[95.41458241603678,24.8312488859893]]}"
0_00000000000000000012_000a0000000000000943,Sewa,Sierra Leone,sierra_leone_bafin_agm_diamond_region,"{""type"":""LineString"",""coordinates"":[[-11.352082021186744,7.956249154833987],[-11.356251280671717,7.956249154833987]]}"
0_00000000000000000013_000a0000000000004d15,Pampana,Sierra Leone,sierra_leone_pampan_river_gold_diamond_region,"{""type"":""LineString"",""coordinates"":[[-11.910414982290813,8.685414736396615],[-11.910414982290815,8.664581816274914]]}"
0_00000000000000000014_000a000000000000681c,St. Paul,Liberia,liberia_sigwata_agm_region,"{""type"":""LineString"",""coordinates"":[[-9.804167517897758,6.304165591835447],[-9.797915858220827,6.297918391259569],[-9.793751057836909,6.302083191643487],[-9.789581798351934,6.302083191643487],[-9.781252197584099,6.310417251512378],[-9.781252197584099,6.318751311381268]]}"
0_00000000000000000015_000c00000000000049f9,Pra,Ghana,ghana_pra_dn,"{""type"":""LineString"",""coordinates"":[[-1.610417722755139,5.572917610080857],[-1.6062484632701677,5.568748350595885],[-1.6020836628862487,5.568748350595885],[-1.5979188625023304,5.564583550211966],[-1.5937496030173584,5.564583550211966],[-1.58958480263344,5.560418749828048],[-1.5895848026334398,5.547915430474186]]}"
0_00000000000000000016_00e4000000000000177b,Orinoco,Venezuela,venezuela_icabaru,"{""type"":""LineString"",""coordinates"":[[-62.30833445461002,4.712498389010047],[-62.302082794933085,4.718750048686978]]}"
0_00000000000000000017_00e40000000000000b94,Orinoco,Venezuela,venezuela_caroni_up,"{""type"":""LineString"",""coordinates"":[[-61.731250973576216,4.8270839087804465],[-61.727081714091256,4.827083908780446],[-61.71458285383843,4.839582769033255],[-61.71458285383843,4.843752028518227]]}"
0_00000000000000000018_00e40000000000000a57,Orinoco,Venezuela,venezuela_caroni_dn,"{""type"":""LineString"",""coordinates"":[[-62.49374833551336,5.139582169706987],[-62.48958353512944,5.1354173693230685],[-62.48541873474553,5.1354173693230685]]}"
0_00000000000000000019_00e40000000000007644,Essequibo,Venezuela,venezuela_cuyuni_upper_agm_region,"{""type"":""LineString"",""coordinates"":[[-61.691667533524786,6.804164592958332],[-61.70208399358564,6.793748132897483],[-61.71041805345452,6.793748132897483],[-61.71458285383843,6.789583332513565],[-61.72291691370732,6.7895833325135655]]}"
0_0000000000000000001a_00e30000000000003a27,Essequibo,Guyana,venezuela_guyana_chicanan_agm_region,"{""type"":""LineString"",""coordinates"":[[-60.88958227243515,6.729166972340426],[-60.88958227243515,6.735418632017357],[-60.893751531920124,6.735418632017359],[-60.906250392172936,6.747917492270165],[-60.906250392172936,6.752082292654085]]}"
0_0000000000000000001a_00e30000000000003a8e,Essequibo,Venezuela,venezuela_guyana_chicanan_agm_region,"{""type"":""LineString"",""coordinates"":[[-60.81041539233227,6.802082192766372],[-60.81041539233227,6.793748132897483]]}"
0_0000000000000000001b_00e40000000000005258,Essequibo,Venezuela,venezuela_chicanan_trib_agm_region,"{""type"":""LineString"",""coordinates"":[[-61.80624859419412,6.422915911989764],[-61.7895849335574,6.422915911989765],[-61.78541567407242,6.427085171474735],[-61.768752013435694,6.427085171474734]]}"
0_0000000000000000001c_000800000000000001b0,Sénégal,Mauritania,mali_faleme,"{""type"":""LineString"",""coordinates"":[[-13.443748225135028,16.18541758964412],[-13.456251544488895,16.18541758964412],[-13.489583324863403,16.15208135016856],[-13.489583324863403,16.14791654978464],[-13.493748125247322,16.143751749400725]]}"
0_0000000000000000001c_00080000000000000053,Sénégal,Senegal,mali_faleme,"{""type"":""LineString"",""coordinates"":[[-13.439583424751111,16.081248529934573],[-13.452082285003922,16.093751849288438],[-13.452082285003922,16.097916649672356],[-13.460416344872813,16.106250709541246],[-13.46458114525673,16.106250709541246]]}"
0_0000000000000000001c_00090000000000000718,Sénégal,Mali,mali_faleme,"{""type"":""LineString"",""coordinates"":[[-11.464585140765188,12.552084082982725],[-11.460415881280216,12.556248883366646],[-11.452081821411321,12.547914823497754],[-11.443752220643486,12.547914823497756]]}"
0_0000000000000000001d_00430000000000000291,Seputih,Indonesia,indonesia_seputih,"{""type"":""LineString"",""coordinates"":[[105.74375111466408,-4.64999962864495],[105.74375111466408,-4.664585348190771]]}"
0_0000000000000000001e_004300000000000032ef,Batanghari,Indonesia,indonesia_batang_hari_trib,"{""type"":""LineString"",""coordinates"":[[102.98124883003332,-1.9645818239250779],[102.97708402964939,-1.9604170235411595],[102.97291477016441,-1.9645818239250779],[102.96874996978049,-1.9604170235411595],[102.96458516939659,-1.960417023541159]]}"
0_0000000000000000001f_004300000000000032db,Batanghari,Indonesia,indonesia_batang_hari_trib2,"{""type"":""LineString"",""coordinates"":[[102.66875056910676,-1.7229163832325254],[102.66875056910676,-1.7187515828486064],[102.6729153694907,-1.714582323363635]]}"
0_00000000000000000020_00420000000000006333,Batanghari,Indonesia,indonesia_batang_hari,"{""type"":""LineString"",""coordinates"":[[103.67291783083752,-1.5312508426522609],[103.66874857135254,-1.531250842652261],[103.66458377096862,-1.5270815831672893]]}"
0_00000000000000000021_004300000000000038dd,Batanghari,Indonesia,indonesia_batang_hari_trib3,"{""type"":""LineString"",""coordinates"":[[102.21041740822729,-1.5479145032889887],[102.21458220861119,-1.54374970290507]]}"
0_00000000000000000022_00430000000000002bdd,Indragiri,Indonesia,indonesia_indiragiri_river_kelajang_agm_region,"{""type"":""LineString"",""coordinates"":[[101.86875216731015,-0.5979164011555044],[101.86875216731015,-0.6062504610243947]]}"
0_00000000000000000023_004200000000000061ea,Indragiri,Indonesia,indonesia_inderagiri,"{""type"":""LineString"",""coordinates"":[[102.42291586892925,-0.2854181402289637],[102.42291586892925,-0.31874992060347174]]}"
0_00000000000000000024_00430000000000003bae,Kamparkiri,Indonesia,indonesia_kampar_trib,"{""type"":""LineString"",""coordinates"":[[101.31250160639806,-0.35208170097797964],[101.31874880697391,-0.35208170097797964],[101.3229180664589,-0.34791690059406116],[101.33541692671169,-0.34791690059406116],[101.33541692671169,-0.35208170097797964]]}"
0_00000000000000000025_004b0000000000001487,Kamparkiri,Indonesia,indonesia_kampar,"{""type"":""LineString"",""coordinates"":[[101.57291756702033,0.33124878085628046],[101.57708236740423,0.3312487808562805]]}"
0_00000000000000000026_00420000000000001cb0,Kapuas,Indonesia,indonesia_kapuas,"{""type"":""LineString"",""coordinates"":[[110.06041510315976,-0.027084579798630264],[110.06041510315977,-0.03541863966752062],[110.06874916302866,-0.04374824043535751],[110.06874916302866,-0.04791749992032941]]}"
0_00000000000000000027_00420000000000001af9,Kapuas,Indonesia,indonesia_west_kalimantan_melawi_agm_region,"{""type"":""LineString"",""coordinates"":[[112.25208110733264,-0.364585020331842],[112.25208110733264,-0.3729146210996788],[112.25625036681758,-0.3770838805846507],[112.25208110733264,-0.3812486809685692],[112.25208110733264,-0.385417940453541]]}"
0_00000000000000000028_004c0000000000006402,Kapuas,Indonesia,indonesia_kapuas_trib,"{""type"":""LineString"",""coordinates"":[[112.6229177873414,0.6041680608324353],[112.6229177873414,0.6104152614083131],[112.6062496676036,0.6270833811460939],[112.60208486721969,0.627083381146094],[112.60208486721969,0.6312481815300123],[112.5937508073508,0.6395822413989025],[112.58958154786583,0.6354174410149842],[112.5729178872291,0.6354174410149842],[112.56874862774414,0.6312481815300123],[112.56458382736022,0.6354174410149842],[112.56041456787524,0.6354174410149841]]}"
0_00000000000000000029_00410000000000000aec,Kahayan,Indonesia,indonesia_kahayan,"{""type"":""LineString"",""coordinates"":[[114.07708415008273,-2.2937482045894],[114.07708415008271,-2.285418603821562],[114.08124895046664,-2.285418603821562]]}"
0_0000000000000000002a_00410000000000000171,Mendawai,Indonesia,indonesia_mendawai,"{""type"":""LineString"",""coordinates"":[[113.4104173288852,-2.2895834042054815],[113.42708544862298,-2.2895834042054815],[113.4312502490069,-2.2937482045894],[113.4354150493908,-2.2937482045894]]}"
0_0000000000000000002b_0041000000000000392b,Murung,Indonesia,indonesia_kapuas_south,"{""type"":""LineString"",""coordinates"":[[114.41458459061595,-2.2604164242148914],[114.41041533113096,-2.2604164242148914]]}"
0_0000000000000000002c_00c60000000000003922,Siriwo,Indonesia,indonesia_utuwa,"{""type"":""LineString"",""coordinates"":[[135.80208311033215,-3.5979148669938756],[135.80208311033215,-3.585416006741068]]}"
0_0000000000000000002d_00c60000000000005209,,Indonesia,indonesia_nabire_barat,"{""type"":""LineString"",""coordinates"":[[135.50833536933536,-3.5291644469518473],[135.50208370965842,-3.535416106628778]]}"
0_0000000000000000002e_00eb00000000000057ce,Magdalena,Colombia,colombia_antioquia_agm_region,"{""type"":""LineString"",""coordinates"":[[-74.91874803847287,7.539581834197896],[-74.91458323808897,7.535417033813976],[-74.91458323808897,7.527082973945086],[-74.90624917822007,7.518748914076193],[-74.90624917822007,7.502085253439467],[-74.91041843770503,7.497915993954497],[-74.90624917822007,7.493751193570577],[-74.90624917822007,7.489581934085606]]}"
0_0000000000000000002f_00eb00000000000055f8,Magdalena,Colombia,colombia_cauca,"{""type"":""LineString"",""coordinates"":[[-75.35833513852369,7.462501813388028],[-75.35208347884674,7.468749013963906],[-75.35208347884674,7.481247874216716],[-75.33958461859393,7.493751193570577],[-75.33958461859393,7.497915993954499]]}"
0_00000000000000000030_00eb0000000000007332,Magdalena,Colombia,colombia_nechi,"{""type"":""LineString"",""coordinates"":[[-74.78125165748988,7.506250053823385],[-74.78125165748988,7.518748914076193],[-74.77708239800491,7.522918173561168],[-74.77708239800491,7.531247774329004],[-74.78125165748988,7.535417033813976],[-74.78125165748988,7.539581834197896],[-74.7854164578738,7.543751093682865],[-74.78958125825773,7.543751093682865],[-74.80208457761157,7.556249953935673]]}"
0_00000000000000000031_000a00000000000015cd,Cestos,Liberia,liberia_cestos_river_agm_region,"{""type"":""LineString"",""coordinates"":[[-9.36458487694801,5.614583450324255],[-9.356250817079122,5.606249390455366],[-9.356250817079122,5.597915330586474]]}"
0_00000000000000000032_000a0000000000000d8b,Cavalla,Liberia,liberia_truma_agm_region,"{""type"":""LineString"",""coordinates"":[[-7.802084654113201,5.745832630731381],[-7.802084654113201,5.71874805093275],[-7.793750594244309,5.710418450164914],[-7.789581334759339,5.710418450164914]]}"
0_00000000000000000033_000a0000000000004a95,Cavalla,Liberia,cote_divoire_cavalla_river_agm_region,"{""type"":""LineString"",""coordinates"":[[-8.383332935530925,6.395831332191134],[-8.389584595207854,6.389584131615256],[-8.389584595207854,6.3854148721302835]]}"
0_00000000000000000033_000a0000000000000d2d,Cavalla,Côte d'Ivoire,cote_divoire_cavalla_river_agm_region,"{""type"":""LineString"",""coordinates"":[[-8.23958489487099,6.660416552298399],[-8.235415635386017,6.656251751914479]]}"
0_00000000000000000034_000a0000000000004c36,Cavalla,Liberia,liberia_cavalla_river_agm_region,"{""type"":""LineString"",""coordinates"":[[-7.877082274731106,6.056248491465962],[-7.872917474347188,6.060417750950935],[-7.872917474347188,6.064582551334853],[-7.864583414478297,6.072916611203741],[-7.86041861409438,6.072916611203741],[-7.856249354609407,6.077081411587661],[-7.852084554225488,6.077081411587661],[-7.852084554225488,6.081250671072635],[-7.847915294740517,6.085415471456552]]}"
0_00000000000000000034_000a0000000000000e3b,Cavalla,Côte d'Ivoire,liberia_cavalla_river_agm_region,"{""type"":""LineString"",""coordinates"":[[-7.543751093682865,5.012497789683779],[-7.543751093682865,5.006250589107902]]}"
0_00000000000000000035_000b0000000000006b80,Bandama,Côte d'Ivoire,cote_divoire_bandama_river_agm_region,"{""type"":""LineString"",""coordinates"":[[-5.556249490343077,6.90208199299095],[-5.535416570221377,6.90208199299095],[-5.531251769837458,6.906251252475923],[-5.527082510352487,6.902081992990951]]}"
0_00000000000000000036_000c0000000000002e9a,Ankobra,Ghana,ghana_ankobra_river_agm,"{""type"":""LineString"",""coordinates"":[[-2.1479177637375053,5.2562500896693445],[-2.1479177637375058,5.264584149538234],[-2.152082564121424,5.268748949922153],[-2.160416623990314,5.268748949922153]]}"
0_00000000000000000037_000b0000000000006634,Tano,Ghana,ghana_tano_river_agm,"{""type"":""LineString"",""coordinates"":[[-2.7479165650849686,5.193751329304247],[-2.7479165650849686,5.189582069819274],[-2.7437517647010505,5.185417269435357],[-2.7437517647010505,5.181248009950385]]}"
0_00000000000000000037_000b0000000000006633,Tano,Côte d'Ivoire,ghana_tano_river_agm,"{""type"":""LineString"",""coordinates"":[[-2.7604154253377775,5.235417169547645],[-2.75625062495386,5.231247910062674],[-2.75625062495386,5.222918309294836],[-2.7645846848227498,5.214584249425946],[-2.7604154253377775,5.210414989940975],[-2.760415425337777,5.206250189557054],[-2.7479165650849686,5.193751329304247]]}"
0_00000000000000000038_000900000000000010a5,Sénégal,Mali,mali_faleme_river_agm_upstream,"{""type"":""LineString"",""coordinates"":[[-11.177084600344262,12.406249183029779],[-11.177084600344262,12.414583242898669],[-11.17291534085929,12.41874804328259],[-11.17291534085929,12.435416163020369],[-11.168750540475372,12.439585422505342],[-11.168750540475372,12.443750222889259],[-11.164581280990399,12.447915023273177],[-11.1645812809904,12.45208428275815]]}"
0_00000000000000000039_000c00000000000047da,Ogun,Nigeria,nigeria_ogun_river_agm_region,"{""type"":""LineString"",""coordinates"":[[3.3145835860579247,7.006251052700501],[3.318748386441843,7.0020817932155275],[3.318748386441843,6.997916992831609],[3.3104187856740066,6.989582932962719],[3.3104187856740066,6.985418132578801],[3.3145835860579247,6.981248873093829],[3.3104187856740066,6.97708407270991],[3.310418785674007,6.9729148132249374],[3.3145835860579247,6.96875001284102]]}"
0_0000000000000000003a_000d00000000000023ba,Niger,Nigeria,nigeria_diko_agm_region,"{""type"":""LineString"",""coordinates"":[[6.866667812424484,9.135418296508266],[6.881249072869251,9.135418296508266]]}"
0_0000000000000000003b_002e00000000000016dc,Congo,Democratic Republic of the Congo,drc_ulindi_middle_agm_region,"{""type"":""LineString"",""coordinates"":[[26.352083268580706,-2.118750783746916],[26.34791846819679,-2.114581524261944],[26.347918468196795,-2.102082664009136],[26.3395844083279,-2.093748604140245],[26.33541514884293,-2.0937486041402456]]}"
0_0000000000000000003c_002e00000000000015ed,Congo,Democratic Republic of the Congo,drc_isasa_agm_region,"{""type"":""LineString"",""coordinates"":[[26.489584108664772,-3.0104149258992208],[26.48958410866477,-3.002085325131384],[26.493748909048687,-2.9979160656464123],[26.493748909048687,-2.9895820057775215]]}"
0_0000000000000000003d_000e000000000000004e,Sanaga,Cameroon,cameroon_lom_river_agm_region,"{""type"":""LineString"",""coordinates"":[[12.185416662458925,4.672914948958608],[12.189581462842842,4.672914948958608],[12.202084782196708,4.6604160887058],[12.206249582580623,4.6604160887058]]}"
0_0000000000000000003e_0026000000000000048a,Congo,Democratic Republic of the Congo,drc_lindi_river_agm_region,"{""type"":""LineString"",""coordinates"":[[26.097914508534295,1.3291688420111474],[26.097914508534295,1.3229171823342165],[26.093749708150376,1.3187479228492445],[26.093749708150376,1.3145831224653262],[26.097914508534295,1.3104183220814074],[26.097914508534295,1.302084262212517],[26.08541564828149,1.2895854019597082],[26.08541564828149,1.2854161424747366],[26.081250847897568,1.2812513420908178],[26.081250847897564,1.2770820826058458],[26.064582728159788,1.2604184219691186],[26.06041792777587,1.2604184219691186],[26.0562486682909,1.256249162484147],[26.052083867906976,1.2562491624841472]]}"
0_0000000000000000003f_00260000000000001358,Congo,Democratic Republic of the Congo,drc_nizi_river_agm_region,"{""type"":""LineString"",""coordinates"":[[29.92291801487701,1.5708342827037005],[29.92291801487701,1.560417822642851],[29.918748755392038,1.5562485631578789],[29.918748755392038,1.5479145032889887],[29.92291801487701,1.54374970290507],[29.92291801487701,1.5395849025211517],[29.927082815260924,1.5354156430361798],[29.92291801487701,1.531250842652261]]}"
0_00000000000000000040_0026000000000000040a,Congo,Democratic Republic of the Congo,drc_mongbwalu_mining_region,"{""type"":""LineString"",""coordinates"":[[24.5583340651142,1.3187479228492445],[24.572915325558963,1.3187479228492445],[24.585418644912824,1.3062490625964358],[24.58541864491282,1.297915002727545],[24.589583445296746,1.293750202343627]]}"
0_00000000000000000041_00b20000000000000d2e,,Russia,russia_koryak_plateau,"{""type"":""LineString"",""coordinates"":[[165.7979163456351,60.6812486121171],[165.80208114601902,60.677083811733176],[165.806250405504,60.677083811733176],[165.8270833256257,60.656250891611485],[165.8270833256257,60.65208163212652],[165.8354173854946,60.64375203135867],[165.8354173854946,60.63124871200482]]}"
0_00000000000000000042_00bf0000000000000c5e,Yenisey,Russia,mongolia_zamaar_goldfield,"{""type"":""LineString"",""coordinates"":[[106.39374981612387,51.03125005404119],[106.39791461650776,51.03125005404119],[106.40624867637666,51.02291599417229],[106.41041793586163,51.02291599417229],[106.41458273624558,51.018751193788376],[106.42291679611444,51.018751193788376],[106.42708159649835,51.014581934303386],[106.43125085598332,51.014581934303386]]}"
0_00000000000000000042_00bf0000000000001020,Yenisey,Mongolia,mongolia_zamaar_goldfield,"{""type"":""LineString"",""coordinates"":[[104.81458147355126,48.81875112974662],[104.80625187278342,48.81875112974662]]}"
0_00000000000000000043_000c0000000000007462,Pra,Ghana,ghana_kumasi,"{""type"":""LineString"",""coordinates"":[[-1.7312504431014157,5.9958321312928256],[-1.7312504431014157,5.989584930716947],[-1.7354152434853343,5.985415671231975],[-1.7354152434853343,5.968752010595247]]}"
0_00000000000000000044_000c00000000000074e2,Pra,Ghana,ghana_pra_up,"{""type"":""LineString"",""coordinates"":[[-1.4604180224182732,5.843750030763999],[-1.4645828228021918,5.847914831147918],[-1.4687520822871634,5.847914831147918],[-1.4770816830550006,5.856248891016809],[-1.4770816830550006,5.864582950885698]]}"
0_00000000000000000045_002a00000000000032fc,Ruvuma,Tanzania,mozambique_niassa,"{""type"":""LineString"",""coordinates"":[[35.48958396528094,-11.522914641645311],[35.48958396528094,-11.531248701514198],[35.49791802514982,-11.539582761383091],[35.49791802514982,-11.547916821251984],[35.493748765664854,-11.5520816216359],[35.49374876566485,-11.560415681504791]]}"
0_00000000000000000045_002a0000000000003111,Ruvuma,Mozambique,mozambique_niassa,"{""type"":""LineString"",""coordinates"":[[35.731249405973486,-11.497916921139694],[35.72708460558957,-11.493752120755778],[35.73124940597349,-11.489582861270803],[35.731249405973486,-11.485418060886886],[35.73541866545846,-11.481248801401911],[35.731249405973486,-11.477084001017996]]}"
0_00000000000000000046_00e000000000000005a3,Suriname,Suriname,suriname_suriname_river_agm_region,"{""type"":""LineString"",""coordinates"":[[-55.085415681722594,5.260414890053262],[-55.08541568172259,5.264584149538234],[-55.08125088133866,5.268748949922152],[-55.08125088133867,5.277083009791043],[-55.07708162185371,5.281247810174962]]}"
0_00000000000000000047_0043000000000000013b,Seputih,Indonesia,indonesia_lampung_agm_region,"{""type"":""LineString"",""coordinates"":[[105.45833297443511,-4.758333488738417],[105.46874943449598,-4.768749948799268]]}"
0_00000000000000000048_004300000000000003b2,Tulangbawang,Indonesia,indonesia_south_sumatra_soetangegoh_agm_region,"{""type"":""LineString"",""coordinates"":[[105.04791731347598,-4.389583668022657],[105.04791731347598,-4.397917727891548],[105.04374805399101,-4.402082528275466],[105.03958325360708,-4.402082528275466]]}"
0_00000000000000000049_01020000000000004b5c,Amazon,Brazil,brazil_kayapo_preserve_agm_region,"{""type"":""LineString"",""coordinates"":[[-52.57708215713821,-3.995831667700226],[-52.577082157138214,-3.9895844671243483],[-52.58125141662319,-3.9854152076393765],[-52.59791507725992,-3.9854152076393765]]}"
0_0000000000000000004a_000b00000000000068a5,Niger,Guinea,guinea_banankoro_agm_region,"{""type"":""LineString"",""coordinates"":[[-9.33541789695742,9.889581598576513],[-9.347916757210228,9.889581598576513]]}"
0_0000000000000000004b_00070000000000000f9f,Niger,Mali,guinea_niger_river_agm_region,"{""type"":""LineString"",""coordinates"":[[-8.14374989503033,12.202084782196708],[-8.147914695414247,12.206249582580623],[-8.147914695414247,12.210418842065597],[-8.156248755283139,12.218748442833434],[-8.156248755283139,12.222917702318409],[-8.16041801476811,12.227082502702324]]}"
0_0000000000000000004b_000700000000000010bd,Niger,Guinea,guinea_niger_river_agm_region,"{""type"":""LineString"",""coordinates"":[[-8.768750875984464,11.597916721364271],[-8.764581616499491,11.593751920980354],[-8.760416816115573,11.593751920980354]]}"
0_0000000000000000004c_002e00000000000024d6,Congo,Democratic Republic of the Congo,drc_numbi_mining_region,"{""type"":""LineString"",""coordinates"":[[26.48958410866477,-1.4312510424276836],[26.48958410866477,-1.4270817829427123],[26.493748909048684,-1.422916982558793],[26.48958410866477,-1.4187521821748756],[26.48958410866477,-1.4145829226899032],[26.485414849179794,-1.4104181223059846],[26.485414849179794,-1.4062488628210126],[26.48958410866477,-1.402084062437095]]}"
0_0000000000000000004d_002f0000000000000122,Congo,Democratic Republic of the Congo,angola_chissundo_diamond_region,"{""type"":""LineString"",""coordinates"":[[17.795835312399262,-3.3958328663527615],[17.80208251297514,-3.3895812066758313],[17.80208251297514,-3.3854164062919128]]}"
0_0000000000000000004d_003000000000000038a0,Congo,Angola,angola_chissundo_diamond_region,"{""type"":""LineString"",""coordinates"":[[21.095833178911363,-7.918748114974506],[21.081251918466602,-7.918748114974506],[21.07708265898163,-7.922917374459478],[21.07291785859771,-7.922917374459478]]}"
0_0000000000000000004d_00310000000000002437,Congo,Republic of Congo,angola_chissundo_diamond_region,"{""type"":""LineString"",""coordinates"":[[16.206250509765823,-3.168748686104977],[16.197916449896933,-3.177082745973868],[16.193751649513015,-3.177082745973868],[16.189582390028047,-3.18125200545884],[16.189582390028047,-3.1854168058427583],[16.185417589644125,-3.1895816062266764]]}"
0_0000000000000000004e_002f00000000000000f4,Congo,Democratic Republic of the Congo,angola_kwango_river_cafunfo_diamond_region,"{""type"":""LineString"",""coordinates"":[[17.250001211548003,-3.5604182862354494],[17.256248412123888,-3.5604182862354494],[17.256248412123885,-3.556249026750478],[17.260417671608856,-3.552084226366559],[17.26458247199277,-3.5520842263665595],[17.268751731477742,-3.556249026750478],[17.272916531861664,-3.556249026750478],[17.277081332245587,-3.5520842263665595],[17.277081332245583,-3.5479149668815873],[17.281250591730554,-3.5437501664976687],[17.285415392114476,-3.543750166497669],[17.289584651599444,-3.5395853661137497]]}"
0_0000000000000000004e_00300000000000000eaa,Congo,Angola,angola_kwango_river_cafunfo_diamond_region,"{""type"":""LineString"",""coordinates"":[[16.964583071319044,-6.935418232466513],[16.91458317120675,-6.935418232466513],[16.91041837082284,-6.931248972981541],[16.906249111337868,-6.931248972981541]]}"
0_0000000000000000004f_00460000000000001abe,Sitang,Myanmar,myanmar_sittang_river_kawbyin_agm_region,"{""type"":""LineString"",""coordinates"":[[96.7583325184927,18.093747853779977],[96.74791605843184,18.09374785377998]]}"
0_00000000000000000050_005c0000000000006089,Irrawaddy,Myanmar,myanmar_maw_luu_agm_region,"{""type"":""LineString"",""coordinates"":[[96.13333153753855,24.312499364936667],[96.12708433696268,24.3187510246136],[96.12291507747773,24.3187510246136],[96.1187502770938,24.314581765128633],[96.1187502770938,24.306252164360796],[96.102082157356,24.289584044623012],[96.09791735697209,24.29374884500693],[96.0854184967193,24.281249984754123],[96.0687503769815,24.281249984754123]]}"
0_00000000000000000051_005c0000000000000e95,Irrawaddy,Myanmar,myanmar_chindwin_river_ningbyen_agm_region,"{""type"":""LineString"",""coordinates"":[[96.44999905795008,26.614581629394955],[96.45625071762701,26.61458162939496],[96.46041551801092,26.610416829011044],[96.46458477749589,26.610416829011047],[96.46874957787982,26.606252028627125],[96.47708363774872,26.606252028627125],[96.48124843813262,26.602082769142157],[96.48124843813262,26.59791796875823],[96.48541769761759,26.593748709273264],[96.48541769761759,26.585414649404377]]}"
1_00000000000000000000_00300000000000003284,Congo,Angola,angola_chicapa_river_middle_agm_region,"{""type"":""LineString"",""coordinates"":[[20.558333137929,-7.635416834038554],[20.547916677868155,-7.635416834038554],[20.543751877484233,-7.639581634422471],[20.53124855813037,-7.639581634422471]]}"
1_00000000000000000001_000d0000000000002474,Niger,Nigeria,nigeria_jos_tin_mining_region,"{""type"":""LineString"",""coordinates"":[[8.335415435610594,10.070835138196983],[8.335415435610594,10.06041867813613],[8.331250635226676,10.05624941865116],[8.327081375741704,10.05624941865116],[8.314582515488896,10.043750558398349],[8.314582515488896,10.039581298913381],[8.310417715104977,10.039581298913381]]}"
1_00000000000000000002_00f20000000000002c50,Amazon,Peru,peru_rio_huasoroco_agm_region,"{""type"":""LineString"",""coordinates"":[[-70.66875206982729,-12.868751603394239],[-70.67708167059513,-12.86041754352535],[-70.67708167059513,-12.85624828404038]]}"
1_00000000000000000003_00f100000000000046ec,Amazon,Peru,peru_rio_araza_agm_region,"{""type"":""LineString"",""coordinates"":[[-70.3979151900431,-13.206252043927451],[-70.3979151900431,-13.20208278444248],[-70.39375038965917,-13.197917984058563],[-70.39375038965917,-13.193748724573588]]}"
1_00000000000000000004_00f1000000000000297e,Amazon,Peru,peru_rio_inambari_agm_region,"{""type"":""LineString"",""coordinates"":[[-70.41041850939696,-13.093748924349008],[-70.40624924991198,-13.09374892434901],[-70.40208444952805,-13.097918183833984],[-70.3979151900431,-13.097918183833984]]}"
1_00000000000000000005_00f100000000000021b2,Amazon,Peru,peru_madre_de_dios_agm_region,"{""type"":""LineString"",""coordinates"":[[-69.67291886796544,-12.714582643572403],[-69.66874960848047,-12.710417843188482],[-69.66041554861157,-12.710417843188482],[-69.65625074822765,-12.714582643572403],[-69.65625074822765,-12.718751903057374],[-69.64375188797484,-12.73125076331018],[-69.63958262848988,-12.727081503825211],[-69.63958262848988,-12.710417843188484],[-69.63541782810596,-12.706248583703509],[-69.63124856862099,-12.70624858370351]]}"
1_00000000000000000005_00f300000000000024d6,Amazon,Bolivia,peru_madre_de_dios_agm_region,"{""type"":""LineString"",""coordinates"":[[-67.55416808421852,-11.460415881280214],[-67.5395823646727,-11.460415881280216]]}"
1_00000000000000000006_00f100000000000024ab,Amazon,Peru,peru_rio_malinowski_agm_region,"{""type"":""LineString"",""coordinates"":[[-69.27708446745105,-12.78541546380639],[-69.27291520796605,-12.781250663422469],[-69.26875040758213,-12.78125066342247],[-69.26458114809718,-12.777081403937501],[-69.23124936772268,-12.777081403937501],[-69.22708456733876,-12.772916603553583],[-69.22708456733876,-12.760417743300774]]}"
1_00000000000000000007_00f20000000000000130,Amazon,Peru,peru_rio_colorado_agm_region,"{""type"":""LineString"",""coordinates"":[[-70.48541613001487,-12.662500343268153],[-70.48541613001487,-12.668752002945084],[-70.48125132963094,-12.668752002945084]]}"
1_00000000000000000008_00f3000000000000144f,Amazon,Peru,peru_las_piedras_agm_region,"{""type"":""LineString"",""coordinates"":[[-69.35833374774587,-12.350002082341614],[-69.35208208806895,-12.356249282917489],[-69.35208208806895,-12.377082203039192],[-69.34791728768504,-12.381251462524162],[-69.34791728768504,-12.389585522393052],[-69.35208208806895,-12.389585522393052],[-69.35625134755391,-12.393750322776969]]}"
1_00000000000000000009_00260000000000000832,Congo,Democratic Republic of the Congo,drc_toyo_agm_region,"{""type"":""LineString"",""coordinates"":[[28.133333611794413,0.7270831813706711],[28.127081952117482,0.7270831813706711],[28.11874789224859,0.7354172412395613],[28.118747892248596,0.7479161014923703],[28.122917151733567,0.7520853609773422],[28.122917151733564,0.7604149617451791],[28.11874789224859,0.7645842212301509],[28.11874789224859,0.7687490216140695]]}"
1_0000000000000000000a_000f0000000000000d74,Congo,Democratic Republic of the Congo,drc_seridi_agm_region,"{""type"":""LineString"",""coordinates"":[[22.545834741268788,4.170833547643763],[22.539583081591857,4.177085207320693],[22.539583081591857,4.1812500077046115]]}"
1_0000000000000000000b_00260000000000000578,Congo,Democratic Republic of the Congo,drc_bafwabango_agm_region,"{""type"":""LineString"",""coordinates"":[[27.204168429782634,1.6083353225631798],[27.210415630358504,1.6020836628862487],[27.210415630358504,1.5937496030173588],[27.214584889843483,1.58958480263344]]}"
1_0000000000000000000c_0025000000000000271c,Congo,Democratic Republic of the Congo,drc_durba_agm_region,"{""type"":""LineString"",""coordinates"":[[27.08124885014333,3.5312513062448594],[27.072914790274446,3.5395853661137497],[27.072914790274453,3.547914966881587],[27.06041593002164,3.5604182862354494],[27.04791706976883,3.5604182862354494],[27.043747810283858,3.5645830866193684],[27.039583009899935,3.564583086619368]]}"
1_0000000000000000000d_002600000000000008ab,Congo,Democratic Republic of the Congo,drc_kibali_river_upper_agm_region,"{""type"":""LineString"",""coordinates"":[[30.404166496070154,2.602081665132022],[30.41041815574709,2.602081665132022],[30.422917015999893,2.614584984485884],[30.427081816383815,2.6145849844858837],[30.431251075868794,2.6187497848698023],[30.43541587625271,2.6187497848698023]]}"
1_0000000000000000000e_00260000000000002804,Congo,Democratic Republic of the Congo,drc_makoro_agm_region,"{""type"":""LineString"",""coordinates"":[[29.683334974376418,3.252084825692827],[29.677083314699484,3.252084825692827],[29.672918514315562,3.2562496260767455],[29.668749254830598,3.2562496260767455],[29.664584454446675,3.2604188855617178],[29.660415194961704,3.2604188855617178],[29.656250394577782,3.2645836859456367],[29.65625039457779,3.272917745814527]]}"
1_0000000000000000000f_004a000000000000393f,Mekong,Laos,laos_attapeu_agm_region,"{""type"":""LineString"",""coordinates"":[[107.45625103783577,15.227085427641748],[107.4479169779669,15.227085427641748],[107.44375217758297,15.222916168156774]]}"
2_00000000000000000000_00450000000000000f30,Wolya,Indonesia,indonesia_tutut_agm_region,"{""type"":""LineString"",""coordinates"":[[96.0270845367381,4.518750448237824],[96.0270845367381,4.514581188752852],[96.031249337122,4.510416388368933],[96.031249337122,4.506251587985015]]}"
2_00000000000000000001_00470000000000002c11,Tenasserim,Myanmar,myanmar_theinkun_agm_region,"{""type"":""LineString"",""coordinates"":[[99.12708280280106,11.93541716189748],[99.11874874293217,11.943751221766373],[99.1104146830633,11.943751221766375],[99.10208508229543,11.952085281635261],[99.09791582281048,11.952085281635261]]}"
2_00000000000000000002_005c00000000000050ff,Irrawaddy,Myanmar,myanmar_mogok_agm_region,"{""type"":""LineString"",""coordinates"":[[96.42708373763641,23.210414703173313],[96.43958259788923,23.197915842920498],[96.43958259788923,23.193751042536583]]}"
2_00000000000000000003_00460000000000001001,Irrawaddy,Myanmar,myanmar_chaungmagyi_river_agm_region,"{""type"":""LineString"",""coordinates"":[[96.31249821786601,22.479166721418718],[96.32291467792687,22.468750261357876],[96.32291467792687,22.464585460973957],[96.32708393741184,22.46041620148898]]}"
2_00000000000000000004_00630000000000004cbf,Syr Darya,Kyrgyzstan,kyrgystan_chatkal_river_agm_region,"{""type"":""LineString"",""coordinates"":[[70.6604180099584,41.68333329683095],[70.6604180099584,41.693749756891805]]}"
2_00000000000000000005_00bf0000000000001f79,Yenisey,Mongolia,mongolia_dugang_upstream_agm_region,"{""type"":""LineString"",""coordinates"":[[106.3708344958102,49.822918391477366],[106.36458283613327,49.822918391477366],[106.35624877626437,49.831247992245196],[106.35624877626437,49.835417251730185]]}"
2_00000000000000000006_004f0000000000005bb1,,Philippines,phillipines_nalisbitan_agm_region,"{""type"":""LineString"",""coordinates"":[[122.66041668606282,14.139582026323158],[122.66041668606282,14.147916086192042],[122.65625188567887,14.152085345677017],[122.65625188567887,14.156250146060936],[122.66041668606282,14.160414946444853],[122.66041668606282,14.164584205929822]]}"
2_00000000000000000007_004c0000000000006506,Kapuas,Indonesia,indonesia_west_kalimantan_djongkong_agm_region,"{""type"":""LineString"",""coordinates"":[[112.3604149674261,0.5812482814177236],[112.33958204730438,0.6020812015394228],[112.32708318705158,0.6020812015394228],[112.32291838666765,0.5979164011555044],[112.31458432679877,0.5979164011555044],[112.31458432679877,0.5937516007715861],[112.3104150673138,0.5895823412866141],[112.3062502669299,0.589582341286614]]}"
2_00000000000000000008_004c0000000000000c0d,Kapuas,Indonesia,indonesia_west_kalimantan_duwapetunga_agm_region,"{""type"":""LineString"",""coordinates"":[[110.96875182415089,0.7479161014923703],[110.96875182415089,0.7520853609773421],[110.97291662453479,0.7562501613612606],[110.97291662453479,0.7604149617451791],[110.97708142491874,0.7645842212301509],[110.97708142491874,0.7687490216140695],[110.9812506844037,0.7729182810990413],[110.9812506844037,0.7937512012207405],[110.98541548478762,0.7979160016046588]]}"
2_00000000000000000009_00420000000000001c8f,Kapuas,Indonesia,indonesia_west_kalimantan_nanga_sepauk_agm_region,"{""type"":""LineString"",""coordinates"":[[111.17708548446893,-0.10208220041653651],[111.18125028485285,-0.10208220041653651],[111.18541508523676,-0.09791740003261803]]}"
2_0000000000000000000a_00420000000000006101,Landak,Indonesia,indonesia_west_kalimantan_monggo_agm_region,"{""type"":""LineString"",""coordinates"":[[109.57708422177464,0.01458126044476802],[109.57708422177464,-0.002082400191959225],[109.57291496228969,-0.006251659676931123],[109.54791724178406,-0.006251659676931123],[109.53541838153124,-0.018750519929739917],[109.5312491220463,-0.018750519929739914],[109.52708432166236,-0.022915320313658373],[109.50625140154065,-0.022915320313658373],[109.50208214205568,-0.018750519929739917]]}"
2_0000000000000000000b_00420000000000000fa3,Arut,Indonesia,indonesia_central_kalimantan_mabau_agm_region,"{""type"":""LineString"",""coordinates"":[[111.64791750560124,-2.656250824729282],[111.64374824611629,-2.656250824729282]]}"
2_0000000000000000000c_00430000000000002e55,Batanghari,Indonesia,indonesia_batang_asai_upper_agm_region,"{""type"":""LineString"",""coordinates"":[[102.42499826912119,-2.275002143760713],[102.43124992879812,-2.28124934433659]]}"
2_0000000000000000000d_00440000000000002fd5,,Indonesia,indonesia_maura_soma_agm_region,"{""type"":""LineString"",""coordinates"":[[99.31250114280546,0.6604151615206018],[99.30624948312851,0.6604151615206016]]}"
2_0000000000000000000e_00450000000000000b86,,Indonesia,indonesia_kulu_agm_region,"{""type"":""LineString"",""coordinates"":[[96.27083237762261,4.122916047723432],[96.27708403729955,4.122916047723432],[96.28124883768346,4.118751247339515],[96.28541809716845,4.118751247339515]]}"
2_0000000000000000000f_00450000000000000c1a,,Indonesia,indonesia_madreng_agm_region,"{""type"":""LineString"",""coordinates"":[[96.24791705730895,4.404164928467425],[96.24791705730895,4.397917727891548]]}"
2_00000000000000000010_00450000000000001481,Teunom,Indonesia,indonesia_alue_tho_agm_region,"{""type"":""LineString"",""coordinates"":[[96.01666807667725,4.64999962864495],[96.01041641700033,4.656251288321881],[96.00625161661641,4.656251288321881]]}"
2_00000000000000000011_00f10000000000002b2e,Amazon,Peru,peru_chaspa_agm_region,"{""type"":""LineString"",""coordinates"":[[-70.33541642967799,-13.22291570456418],[-70.35208454941578,-13.22291570456418]]}"
2_00000000000000000012_00e000000000000018f0,Marowinje,Suriname,suriname_gran_creek_agm_region,"{""type"":""LineString"",""coordinates"":[[-54.579165020922765,4.741665369000637],[-54.589581480983604,4.731248908939787],[-54.58958148098361,4.727084108555869],[-54.57708262073081,4.71458524830306],[-54.572917820346895,4.714585248303061]]}"
2_00000000000000000013_00e0000000000000012f,Saramacca,Suriname,suriname_brokolonka_agm_region,"{""type"":""LineString"",""coordinates"":[[-55.47291602236808,5.772917210530012],[-55.47291602236808,5.77708201091393],[-55.477085281853064,5.781251270398901]]}"
2_00000000000000000014_00e300000000000023c9,Essequibo,Guyana,guyana_essequibo_river_st_mary_agm_region,"{""type"":""LineString"",""coordinates"":[[-58.56874948804712,5.86041815050178],[-58.57708354791601,5.868752210370669],[-58.57708354791601,5.877081811138506],[-58.5729187475321,5.881251070623478],[-58.5729187475321,5.885415871007397],[-58.58124834829993,5.893749930876287]]}"
2_00000000000000000015_00e300000000000025a5,Essequibo,Guyana,guyana_kamuda_agm_region,"{""type"":""LineString"",""coordinates"":[[-59.50208392954388,5.797914931035629],[-59.49374986967497,5.80624899090452],[-59.49374986967497,5.810418250389492],[-59.48958506929107,5.814583050773408],[-59.48541580980609,5.81458305077341],[-59.481251009422174,5.818747851157328],[-59.481251009422174,5.822917110642302]]}"
2_00000000000000000016_00e3000000000000244e,Essequibo,Guyana,guyana_rio_mazaroni_upper_agm_region,"{""type"":""LineString"",""coordinates"":[[-59.29791506960975,6.143749431437731],[-59.29791506960975,6.114582451447142]]}"
2_00000000000000000017_00e300000000000033b4,Barima,Guyana,guyana_port_kaituma_agm_reigon,"{""type"":""LineString"",""coordinates"":[[-60.014581790919564,7.527082973945086],[-60.01041699053565,7.531247774329004],[-60.014581790919564,7.535417033813976],[-60.014581790919564,7.543751093682865],[-60.01041699053565,7.547915894066786],[-60.01041699053565,7.552085153551757],[-60.006252190151734,7.556249953935673],[-60.006252190151734,7.560414754319591],[-60.00208293066676,7.5645840138045655],[-59.99791813028284,7.5645840138045655],[-59.99791813028284,7.572918073673457],[-60.00208293066676,7.577082874057373],[-60.00208293066676,7.581252133542346]]}"
2_00000000000000000018_00e30000000000002e4b,,Guyana,guyana_barama_river_agm_region,"{""type"":""LineString"",""coordinates"":[[-59.26458328923525,7.710414454656459],[-59.26041848885132,7.710414454656459],[-59.256249229366354,7.706249654272538],[-59.25208442898244,7.706249654272538]]}"
2_00000000000000000019_00e30000000000002b31,Essequibo,Guyana,guyana_cuyuni_river_agm_region,"{""type"":""LineString"",""coordinates"":[[-59.0895814092917,6.7145812527946065],[-59.0895814092917,6.710416452410688]]}"
2_00000000000000000019_00e30000000000003ad9,Essequibo,Venezuela,guyana_cuyuni_river_agm_region,"{""type"":""LineString"",""coordinates"":[[-60.568749951639724,6.852082092878662],[-60.568749951639724,6.8562513523636355]]}"
2_0000000000000000001a_00e30000000000004fee,,Venezuela,venezuela_reserva_forestal_agm_region,"{""type"":""LineString"",""coordinates"":[[-60.4916654717288,8.27916833492243],[-60.49791713140572,8.285415535498307],[-60.50208193178965,8.285415535498307]]}"
3_00000000000000000000_00e40000000000001207,Essequibo,Guyana,guyana_potaro_river_agm_region,"{""type"":""LineString"",""coordinates"":[[-59.118748389282295,5.389581670268429],[-59.118748389282295,5.385416869884512],[-59.12291764876726,5.381252069500594],[-59.12291764876726,5.3770828100156205]]}"
3_00000000000000000001_00e40000000000004970,Orinoco,Venezuela,venezuela_rio_paragua_agm_region,"{""type"":""LineString"",""coordinates"":[[-63.19375139618646,6.877084272485333],[-63.19791619657037,6.872915013000362],[-63.19375139618646,6.868750212616442],[-63.19375139618646,6.864585412232525]]}"
3_00000000000000000002_00e40000000000004515,Orinoco,Venezuela,venezuela_sucre_bolivar_agm_region,"{""type"":""LineString"",""coordinates"":[[-65.0479169598261,7.202081393664684],[-65.06041582007892,7.189582533411874],[-65.06041582007892,7.185417733027955],[-65.07291468033172,7.185417733027955],[-65.07708393981669,7.181248473542986],[-65.0812487402006,7.1812484735429845],[-65.08541799968559,7.177083673159065]]}"
3_00000000000000000003_00ec00000000000058bf,Magdalena,Colombia,colombia_rio_san_pedro_agm_region,"{""type"":""LineString"",""coordinates"":[[-75.61249943946903,7.966665614894834],[-75.60624777979211,7.960418414318955],[-75.60624777979211,7.956249154833987]]}"
3_00000000000000000004_00eb0000000000002f5b,Atrato,Colombia,colombia_rio_quito_quibdo_agm_region,"{""type"":""LineString"",""coordinates"":[[-76.73125222097016,6.102083591194333],[-76.72708296148521,6.102083591194335],[-76.72708296148521,6.0979187908104135]]}"
3_00000000000000000005_00ea0000000000001cd9,San Juan,Colombia,colombia_san_juan_river_paito_agm_region,"{""type"":""LineString"",""coordinates"":[[-77.11458330213071,4.147918227330104],[-77.1229173619996,4.156247828097941],[-77.12708216238352,4.156247828097941],[-77.1312514218685,4.160417087582912],[-77.1395854817374,4.160417087582912]]}"
3_00000000000000000006_00ea0000000000005483,San Juan,Colombia,colombia_san_juan_river_torra_agm_region,"{""type"":""LineString"",""coordinates"":[[-76.72708296148521,4.818749848911557],[-76.73125222097016,4.814585048527638],[-76.73125222097016,4.810415789042665],[-76.7354170213541,4.810415789042665]]}"
3_00000000000000000007_00ea000000000000554a,San Juan,Colombia,colombia_san_juan_river_charco_hondo_agm_region,"{""type"":""LineString"",""coordinates"":[[-76.72708296148521,4.69791712856528],[-76.7354170213541,4.689583068696389],[-76.73958182173801,4.689583068696389]]}"
3_00000000000000000008_00eb0000000000003f64,San Juan,Colombia,colombia_san_juan_river_novita_agm_region,"{""type"":""LineString"",""coordinates"":[[-76.46874940105488,4.997916529239011],[-76.46874940105488,4.9854176689862015]]}"
3_00000000000000000009_00ea0000000000001cab,San Juan,Colombia,colombia_rio_calima_bajo_agm_region,"{""type"":""LineString"",""coordinates"":[[-77.08958112252404,4.031250307367746],[-77.08541632214012,4.035415107751666],[-77.08541632214012,4.047918427105526],[-77.07708226227123,4.056248027873364]]}"
3_0000000000000000000a_00ea0000000000003f47,Patía,Colombia,colombia_rio_telembi_agm_region,"{""type"":""LineString"",""coordinates"":[[-78.16875046397374,1.6979186627269074],[-78.17291526435766,1.6937494032419358],[-78.17708452384264,1.6937494032419358],[-78.18124932422656,1.6895846028580175],[-78.18541858371152,1.6895846028580175]]}"
3_0000000000000000000b_00ea0000000000001e41,,Ecuador,ecuador_tululbi_agm_region,"{""type"":""LineString"",""coordinates"":[[-78.75416800487643,1.131251641753952],[-78.76041520545232,1.1312516417539518]]}"
3_0000000000000000000c_00ea0000000000005fdc,,Ecuador,ecuador_playa_de_oro_agm_region,"{""type"":""LineString"",""coordinates"":[[-78.87291832503075,0.9145839215670171],[-78.86874906554579,0.9145839215670171]]}"
3_0000000000000000000d_00f00000000000005b07,,Ecuador,ecuador_rio_rircay_agm_region,"{""type"":""LineString"",""coordinates"":[[-79.88333278733738,-3.2458331660158963],[-79.88958444701431,-3.252084825692827],[-79.89374924739823,-3.252084825692827]]}"
3_0000000000000000000e_00f7000000000000110b,Amazon,Peru,ecuador_shaime_agm_region,"{""type"":""LineString"",""coordinates"":[[-77.76458200359046,-3.781250806806303],[-77.76041720320653,-3.7854156071902216],[-77.76041720320653,-3.7895848666751935],[-77.75624794372158,-3.7937496670591115],[-77.74791834295374,-3.7937496670591115],[-77.74791834295374,-3.7979144674430305]]}"
3_0000000000000000000e_00f700000000000043ec,Amazon,Ecuador,ecuador_shaime_agm_region,"{""type"":""LineString"",""coordinates"":[[-78.35625120417009,-3.006250125515303],[-78.35625120417009,-3.0187489857681116],[-78.3520819446851,-3.022918245253084],[-78.3520819446851,-3.035417105505892],[-78.3395830844323,-3.0479159657587016],[-78.33541828404839,-3.047915965758701]]}"
3_0000000000000000000f_00f700000000000002a8,Amazon,Ecuador,ecuador_rio_nambija_agm_region,"{""type"":""LineString"",""coordinates"":[[-78.8312480256863,-3.9000011269606216],[-78.8312480256863,-3.9062483275364976],[-78.82708322530239,-3.9104175870214704],[-78.82708322530239,-3.9145823874053884]]}"
3_00000000000000000010_00f000000000000048ef,,Peru,ecuador_rio_calera_agm_region,"{""type"":""LineString"",""coordinates"":[[-80.24166614799229,-3.9416669672040183],[-80.23541448831536,-3.947918626880949],[-80.23541448831536,-3.952083427264868]]}"
3_00000000000000000010_00f000000000000048e3,,Ecuador,ecuador_rio_calera_agm_region,"{""type"":""LineString"",""coordinates"":[[-79.68749798727214,-3.774999147129372],[-79.68125078669627,-3.781250806806304]]}"
3_00000000000000000011_00ff000000000000199e,Amazon,Brazil,brazil_rio_novo_upper_agm_region,"{""type"":""LineString"",""coordinates"":[[-55.98541834284484,-6.622915512438917],[-55.98541834284484,-6.618750712055],[-55.99791720309764,-6.606251851802193],[-55.997917203097636,-6.6020825923172195],[-56.00208200348156,-6.597917791933301]]}"
3_00000000000000000012_01000000000000002598,Amazon,Brazil,brazil_rio_tocantins_upper_agm_region,"{""type"":""LineString"",""coordinates"":[[-56.347916503883674,-5.802084190520601],[-56.34375170349975,-5.802084190520599],[-56.33958244401477,-5.80624899090452],[-56.33124838414588,-5.80624899090452],[-56.32708358376196,-5.810418250389492],[-56.32291878337805,-5.810418250389492],[-56.318749523893075,-5.81458305077341],[-56.314584723509164,-5.814583050773409],[-56.314584723509164,-5.818747851157328]]}"
3_00000000000000000013_0100000000000000378d,Amazon,Brazil,brazil_rio_tapajos_porto_rico_agm_region,"{""type"":""LineString"",""coordinates"":[[-57.514582326204085,-6.133332971376881],[-57.514582326204085,-6.139584631053813]]}"
3_00000000000000000014_00ff00000000000000c1,Amazon,Brazil,brazil_rio_tapajos_upper_agm_region,"{""type"":""LineString"",""coordinates"":[[-57.445831906162056,-6.593748532448329],[-57.43958470558617,-6.593748532448329],[-57.4354154461012,-6.589583732064411],[-57.4229165858484,-6.58958373206441]]}"
3_00000000000000000015_00ff000000000000027e,Amazon,Brazil,brazil_rio_crepori_agm_region,"{""type"":""LineString"",""coordinates"":[[-56.94166810465525,-7.064585012681679],[-56.94791530523113,-7.06458501268168],[-56.94791530523113,-7.060415753196708]]}"
3_00000000000000000016_01000000000000004386,Amazon,Brazil,brazil_rio_tapajos_trib_2_agm_region,"{""type"":""LineString"",""coordinates"":[[-57.045832705263734,-5.639581170829873],[-57.06041842480957,-5.639581170829872],[-57.064583225193495,-5.643750430314844],[-57.068748025577406,-5.643750430314844],[-57.08125134493127,-5.656249290567654],[-57.08958540480015,-5.656249290567653]]}"
3_00000000000000000017_01000000000000004a83,Amazon,Brazil,brazil_rio_tapajos_trib_1_agm_region,"{""type"":""LineString"",""coordinates"":[[-56.960418624584996,-5.329165310095291],[-56.96041862458499,-5.318748850034441]]}"
3_00000000000000000018_01000000000000002205,Amazon,Brazil,brazil_floresta_do_amana_agm_region,"{""type"":""LineString"",""coordinates"":[[-57.47291648596068,-4.827083908780446],[-57.46875168557676,-4.822914649295472],[-57.4645824260918,-4.822914649295473],[-57.46041762570788,-4.8187498489115566],[-57.45208356583899,-4.818749848911557]]}"
4_00000000000000000000_00e10000000000002d25,Caciporé,Brazil,brazil_lourenco_agm_region,"{""type"":""LineString"",""coordinates"":[[-51.63333125558061,2.591665205071172],[-51.63958291525753,2.585418004495294],[-51.64791697512643,2.593752064364184],[-51.65208177551035,2.593752064364184]]}"
4_00000000000000000001_01020000000000002250,Amazon,Brazil,brazil_morada_do_sol_agm_region,"{""type"":""LineString"",""coordinates"":[[-51.38541861431218,-3.897918726768661],[-51.389583414696105,-3.897918726768661],[-51.39374821508,-3.893749467283691],[-51.406251534433885,-3.89374946728369]]}"
4_00000000000000000002_01040000000000000198,Amazon,Brazil,brazil_luar_da_praia_agm_region,"{""type"":""LineString"",""coordinates"":[[-54.63541658071198,-4.839582769033255],[-54.65208470044977,-4.822914649295472]]}"
4_00000000000000000003_00ff0000000000001e93,Amazon,Brazil,brazil_jamanxim_river_agm_region,"{""type"":""LineString"",""coordinates"":[[-55.531249982349266,-7.052081693327817],[-55.52291592248038,-7.04375209255998],[-55.52291592248037,-7.039582833075008],[-55.51875112209646,-7.03541803269109],[-55.51458186261149,-7.035418032691089]]}"
4_00000000000000000004_00e1000000000000315b,Marowinje,French Guiana,french_guiana_maripasoula_upper_agm_region,"{""type"":""LineString"",""coordinates"":[[-53.99166507982812,3.400002125837734],[-53.98124861976727,3.410418585898583],[-53.98124861976727,3.418748186666421],[-53.97291455989837,3.4270822465353104],[-53.97291455989837,3.435416306404201]]}"
4_00000000000000000005_00e1000000000000320f,Marowinje,French Guiana,french_guiana_dorlin_agm_region,"{""type"":""LineString"",""coordinates"":[[-53.87708401915877,3.6874982071576037],[-53.87708401915877,3.6812510065817245],[-53.8729147596738,3.6770817470967545],[-53.8729147596738,3.660418086460026]]}"
4_00000000000000000006_00e000000000000018c1,Marowinje,French Guiana,french_guiana_cocoye_agm_region,"{""type"":""LineString"",""coordinates"":[[-54.252085499551455,4.322915648172588],[-54.252085499551455,4.32708490765756],[-54.23958218019761,4.3395837679103675]]}"
4_00000000000000000007_00e0000000000000045c,Marowinje,Suriname,suriname_aeroplane_konde_agm_region,"{""type"":""LineString"",""coordinates"":[[-54.50208500011291,4.427084707882137],[-54.49791574062793,4.431249508266054],[-54.49791574062793,4.439583568134946],[-54.493750940244006,4.443748368518864]]}"
4_00000000000000000008_00e10000000000000795,Mana,French Guiana,french_guiana_saul_agm_region,"{""type"":""LineString"",""coordinates"":[[-53.84583463897622,5.141664569898945],[-53.8395829792993,5.147916229575877],[-53.83541817891536,5.143751429191958],[-53.82708411904648,5.143751429191958],[-53.82291485956151,5.139582169706987],[-53.8104159993087,5.139582169706987],[-53.806251198924784,5.135417369323068],[-53.80208193943981,5.135417369323068],[-53.79791713905589,5.131248109838095],[-53.789583079187004,5.131248109838095],[-53.785418278803085,5.1354173693230685],[-53.7812490193181,5.1354173693230685],[-53.77708421893419,5.139582169706986],[-53.772914959449224,5.139582169706987]]}"
4_00000000000000000009_00e00000000000000ac4,Marowinje,Suriname,suriname_lawa_river_agm_region,"{""type"":""LineString"",""coordinates"":[[-54.3104150004316,5.139582169706987],[-54.31041500043159,5.1437514291919575],[-54.32708312016937,5.160415089828685],[-54.33124792055328,5.160415089828685],[-54.33541718003827,5.164584349313658],[-54.33958198042218,5.164584349313658],[-54.34375123990716,5.168749149697577],[-54.34791604029106,5.168749149697577]]}"
4_00000000000000000009_00e000000000000019cb,Marowinje,French Guiana,suriname_lawa_river_agm_region,"{""type"":""LineString"",""coordinates"":[[-54.4291653205859,4.964584748864502],[-54.44375104013172,4.964584748864503]]}"
4_0000000000000000000a_00e40000000000007695,Essequibo,Venezuela,venezuela_rio_yuruari_el_callao_agm_region,"{""type"":""LineString"",""coordinates"":[[-61.62916877315969,6.877084272485333],[-61.63541597373556,6.877084272485333]]}"
4_0000000000000000000b_00eb0000000000005aa9,Magdalena,Colombia,colombia_mona_agm_region,"{""type"":""LineString"",""coordinates"":[[-74.38541725697549,6.712498852602647],[-74.38541725697549,6.702082392541796],[-74.39375131684437,6.693748332672905],[-74.39791611722829,6.693748332672905]]}"
4_0000000000000000000c_00ec000000000000534e,Magdalena,Colombia,colombia_villa_uribe_agm_region,"{""type"":""LineString"",""coordinates"":[[-74.63749915772888,8.16250041496007],[-74.66041447804254,8.185415735273729],[-74.66458373752751,8.185415735273729],[-74.66874853791144,8.1895849947587],[-74.66874853791144,8.19374979514262],[-74.6729177973964,8.19791459552654],[-74.67708259778033,8.19791459552654]]}"
4_0000000000000000000d_00ef0000000000000cd0,Patuca,Honduras,honduras_rio_guayape_agm_region,"{""type"":""LineString"",""coordinates"":[[-86.55624819988859,14.51874830709976],[-86.54791859912075,14.527082366968653],[-86.54791859912075,14.53541642683755],[-86.54374933963578,14.539581227221463],[-86.53958453925186,14.539581227221463]]}"
4_0000000000000000000e_004e000000000000450e,,Indonesia,indonesia_sungai_milango_river_agm_region,"{""type"":""LineString"",""coordinates"":[[121.88541600477178,0.647916301267793],[121.88125120438792,0.6437515008838746]]}"
4_0000000000000000000f_00460000000000001e1e,Sitang,Myanmar,myanmar_mekahta_agm_region,"{""type"":""LineString"",""coordinates"":[[96.99166835841741,17.766668332408678],[96.99791555899327,17.76041667273174],[97.00624961886217,17.76041667273174],[97.00624961886217,17.76458147311566]]}"
4_00000000000000000010_005b000000000000101a,Irrawaddy,Myanmar,myanmar_shaduzup_agm_region,"{""type"":""LineString"",""coordinates"":[[96.76041491868466,25.493750906802916],[96.76041491868466,25.485416846934022],[96.76458417816963,25.481252046550107],[96.75625011830076,25.472917986681217]]}"
4_00000000000000000011_005b000000000000772a,Irrawaddy,Myanmar,myanmar_sikaw_agm_region,"{""type"":""LineString"",""coordinates"":[[97.06041877845944,23.981250584080392],[97.06458357884338,23.985415384464314],[97.06458357884337,23.989584643949282],[97.06041877845945,23.9937494443332],[97.06458357884338,23.99791870381817],[97.06458357884338,24.0145823644549],[97.07291763871225,24.02291642432379]]}"
4_00000000000000000012_0045000000000000327b,Irrawaddy,Myanmar,myanmar_irrawaddy_lower_main_stem,"{""type"":""LineString"",""coordinates"":[[95.05624905538187,21.31458329929026],[95.04375019512906,21.30208443903745],[95.03958539474515,21.30208443903745],[95.03541613526016,21.29791517955248]]}"
4_00000000000000000013_004300000000000031e3,Batanghari,Indonesia,indonesia_batang_hari_bedaro_agm_region,"{""type"":""LineString"",""coordinates"":[[102.05000124782957,-1.5020838626616715],[102.05624844840544,-1.5020838626616715]]}"
4_00000000000000000014_00bb000000000000123a,Yenisey,Russia,russia_yenisei_novaya_agm_region,"{""type"":""LineString"",""coordinates"":[[92.57916491098004,62.029167974058],[92.57291771040418,62.02291631438105],[92.51458375042299,62.02291631438105],[92.5062496905541,62.01458225451217],[92.48958157081631,62.01458225451217],[92.4770827105635,62.00208339425936],[92.46874865069461,62.00208339425936],[92.46458385031069,61.99791859387543],[92.46041459082572,61.99791859387543]]}"
4_00000000000000000015_00bb0000000000001aa5,Yenisey,Russia,russia_reka_bolshoy_pit_agm_region,"{""type"":""LineString"",""coordinates"":[[92.7291646113169,58.812501788032684],[92.73541627099384,58.81874898860855]]}"
4_00000000000000000016_00bb0000000000001295,Yenisey,Russia,russia_reka_bolshoy_pit_partizansk_agm_region,"{""type"":""LineString"",""coordinates"":[[94.31666701375838,59.17291754887956],[94.29791649382865,59.17291754887956],[94.29375169344473,59.17708234926347],[94.28124837409086,59.17708234926347]]}"
4_00000000000000000017_00bb0000000000001626,Yenisey,Russia,russia_yenisei_yuzhno_agm_region,"{""type"":""LineString"",""coordinates"":[[95.70833461613464,58.58124834829993],[95.71875107619549,58.58124834829993],[95.72291587657942,58.585417607784905],[95.72708513606437,58.58124834829993],[95.73541473683221,58.58124834829993],[95.73958399631718,58.57708354791601],[95.75625211605497,58.57708354791601],[95.76458171682282,58.585417607784905],[95.80625201616724,58.585417607784905],[95.81041681655118,58.58958240816882],[95.82291567680397,58.58958240816882],[95.82708493628894,58.593751667653784],[95.83541453705679,58.593751667653784],[95.84374859692568,58.60208126842164],[95.85625191627953,58.60208126842163],[95.86458151704736,58.610415328290514],[95.86875077653237,58.610415328290514]]}"
4_00000000000000000018_007f0000000000000897,Ob,Russia,russia_reka_kiya_agm_region,"{""type"":""LineString"",""coordinates"":[[88.05624966235831,55.427085381740774],[88.05208486197438,55.4312501821247],[88.04791560248941,55.4312501821247],[88.04375080210549,55.43541498250862],[88.05208486197438,55.44374904237749],[88.05208486197438,55.44791830186248],[88.05624966235831,55.45208310224639],[88.05624966235831,55.4562479026303],[88.05208486197438,55.460417162115284],[88.04375080210549,55.460417162115284],[88.03958154262052,55.464581962499196],[88.0354167422366,55.464581962499196],[88.0270826823677,55.47291602236808],[88.04791560248941,55.493748942489795],[88.04375080210549,55.49791820197476],[88.03958154262052,55.49791820197476],[88.0354167422366,55.50208300235868],[88.0229178819838,55.502083002358674]]}"
4_00000000000000000019_00800000000000004640,Ob,Russia,russia_reka_zolotoy_kitat_agm_region,"{""type"":""LineString"",""coordinates"":[[86.83750153973364,55.818750522770195],[86.8312498800567,55.818750522770195]]}"
4_0000000000000000001a_003700000000000062fe,Revuè,Mozambique,mozambique_buzi_river_mining_region,"{""type"":""LineString"",""coordinates"":[[34.01458468241788,-19.82291589668944],[34.0187494828018,-19.82291589668944],[34.022918742286784,-19.82708515617441],[34.039582402923514,-19.82708515617441]]}"
4_0000000000000000001b_002b0000000000000a56,Púnguè,Mozambique,mozambique_manica_zimbabwe_border_agm_region,"{""type"":""LineString"",""coordinates"":[[33.1979181608835,-18.50208111454718],[33.206252220752376,-18.50208111454718],[33.2104170211363,-18.497916314163266],[33.21875108100519,-18.497916314163266]]}"
4_0000000000000000001c_004800000000000031b2,Mekong,Laos,laos_antoum_agm_region,"{""type"":""LineString"",""coordinates"":[[106.51875179595511,14.593750386818725],[106.51458253647012,14.589581127333751],[106.5104177360862,14.589581127333753],[106.49791887583338,14.577082267080941]]}"
4_0000000000000000001c_004800000000000031bd,Mekong,Cambodia,laos_antoum_agm_region,"{""type"":""LineString"",""coordinates"":[[106.27291709577757,13.86041554577112],[106.2687478362926,13.856250745387207],[106.2687478362926,13.835417825265502]]}"
5_00000000000000000000_00f100000000000025ce,Amazon,Bolivia,bolivia_mapiri_agm_region,"{""type"":""LineString"",""coordinates"":[[-67.54375162415766,-14.593750386818725],[-67.53541756428878,-14.593750386818725]]}"
5_00000000000000000001_00f10000000000002b06,Amazon,Bolivia,bolivia_mayaya_agm_region,"{""type"":""LineString"",""coordinates"":[[-67.9895814656833,-15.55625180830607],[-67.98125186491546,-15.55625180830607]]}"
5_00000000000000000002_00380000000000004ed4,Onilahy,Madagascar,madagascar_toliara_agm_region,"{""type"":""LineString"",""coordinates"":[[45.30208554304759,-23.01874916259305],[45.293751483178696,-23.027083222461936],[45.28958222369373,-23.027083222461936],[45.28541742330981,-23.031248022845855],[45.28124816382483,-23.027083222461936],[45.2770833634409,-23.031248022845855],[45.27291856305699,-23.03124802284585]]}"
5_00000000000000000003_00380000000000004e8e,Onilahy,Madagascar,madagascar_ilakala_agm_region,"{""type"":""LineString"",""coordinates"":[[45.08958262324457,-23.547915143706522],[45.081248563375674,-23.539585542938685],[45.081248563375674,-23.535416283453714],[45.07708376299176,-23.53125148306979],[45.07291450350678,-23.53125148306979]]}"
5_00000000000000000004_000f000000000000452d,Congo,Cameroon,cameroon_kadei_river_agm_region,"{""type"":""LineString"",""coordinates"":[[14.864582807501863,4.260416887807489],[14.860418007117952,4.2562520874235705],[14.860418007117952,4.252082827938601],[14.85624874763297,4.2479180275546815],[14.856248747632973,4.231249907816902],[14.860418007117952,4.227085107432982],[14.860418007117953,4.218751047564092]]}"
5_00000000000000000004_000f0000000000000587,Congo,Republic of Congo,cameroon_kadei_river_agm_region,"{""type"":""LineString"",""coordinates"":[[16.545833350491,1.2104185218568302],[16.535416890430145,1.2104185218568302]]}"
5_00000000000000000004_000f00000000000045ca,Congo,Central African Republic,cameroon_kadei_river_agm_region,"{""type"":""LineString"",""coordinates"":[[16.097916649672353,2.581248745010322],[16.097916649672353,2.5770839446264038],[16.093751849288438,2.572914685141432],[16.093751849288438,2.560415824888623],[16.085417789419544,2.552081765019733],[16.085417789419544,2.547916964635815],[16.081248529934573,2.543752164251896],[16.081248529934573,2.5395829047669247],[16.07708372955065,2.535418104383006],[16.07708372955065,2.518749984645225],[16.072914470065683,2.5145851842613065],[16.06874966968176,2.5145851842613065]]}"
5_00000000000000000005_000f00000000000043bd,Congo,Central African Republic,central_african_republic_mambere_river_abba_agm_region,"{""type"":""LineString"",""coordinates"":[[16.093751849288438,4.006248127761076],[16.097916649672353,4.002083327377155],[16.097916649672353,3.9979185269932374],[16.10625070954125,3.9895844671243483],[16.10625070954125,3.9854152076393765]]}"
5_00000000000000000006_002d00000000000016e0,Congo,Democratic Republic of the Congo,drc_maniema_river_agm_region,"{""type"":""LineString"",""coordinates"":[[27.585417110751198,-4.497917528116124],[27.585417110751198,-4.493748268631154],[27.58124785126623,-4.489583468247234],[27.58124785126623,-4.4812494083783445],[27.577083050882308,-4.477084607994426],[27.57291825049839,-4.477084607994426],[27.56874899101342,-4.4812494083783445]]}"
5_00000000000000000007_00300000000000002911,Congo,Angola,angola_andrada_diamond_region,"{""type"":""LineString"",""coordinates"":[[21.356249139533663,-7.28958233363645],[21.35208433914974,-7.293751593121424],[21.34375027928085,-7.293751593121424],[21.339585478896932,-7.28958233363645],[21.33541621941196,-7.28958233363645],[21.331251419028042,-7.285417533252534],[21.322917359159145,-7.285417533252533],[21.31874809967418,-7.28958233363645],[21.31041849890634,-7.28958233363645]]}"
5_00000000000000000007_00300000000000003d8d,Congo,Democratic Republic of the Congo,angola_andrada_diamond_region,"{""type"":""LineString"",""coordinates"":[[21.270835058854903,-7.2833351330605725],[21.277082259430784,-7.277083473383641],[21.28958111968359,-7.277083473383641],[21.29375037916856,-7.272918672999725],[21.30208443903745,-7.272918672999725]]}"
5_00000000000000000008_0030000000000000260b,Congo,Angola,angola_magambundi_diamond_region,"{""type"":""LineString"",""coordinates"":[[20.872918258148548,-8.031251234552945],[20.831247958804102,-8.031251234552945]]}"
5_00000000000000000008_003000000000000064a8,Congo,Democratic Republic of the Congo,angola_magambundi_diamond_region,"{""type"":""LineString"",""coordinates"":[[20.999998179070708,-6.635418831792782],[20.985416918625937,-6.635418831792781]]}"
5_00000000000000000009_003000000000000029ad,Congo,Angola,angola_chicapa_river_middle_agm_region,"{""type"":""LineString"",""coordinates"":[[20.56458479760593,-7.36874921373933],[20.56041553812096,-7.36458441335541],[20.55625073773704,-7.36458441335541],[20.543751877484233,-7.352085553102601],[20.54375187748423,-7.339582233748739],[20.53541781761534,-7.33124817387985],[20.53541781761534,-7.327083373495929]]}"
5_00000000000000000009_00300000000000001fe1,Congo,Democratic Republic of the Congo,angola_chicapa_river_middle_agm_region,"{""type"":""LineString"",""coordinates"":[[20.581248458242655,-7.006251052700501],[20.585417717727626,-7.006251052700501],[20.58958251811155,-7.010415853084418],[20.60208137836436,-7.010415853084418],[20.602081378364357,-7.01458511256939],[20.60625063784932,-7.014585112569389]]}"
5_0000000000000000000a_002d00000000000000f4,Congo,Democratic Republic of the Congo,drc_mbuji_mayi_diamond_region_reference,"{""type"":""LineString"",""coordinates"":[[23.59791504381881,-7.1729188727751465],[23.59791504381881,-7.160415553421284],[23.59375024343489,-7.156250753037366],[23.59375024343489,-7.152081493552396]]}"
5_0000000000000000000b_002d000000000000189b,Congo,Democratic Republic of the Congo,drc_mbuji_mayi_diamond_region,"{""type"":""LineString"",""coordinates"":[[23.706248903912286,-6.031250770960345],[23.710418163397254,-6.027081511475372],[23.714582963781172,-6.027081511475372],[23.722917023650055,-6.035415571344263],[23.727081824033974,-6.035415571344263],[23.73125108351894,-6.031250770960345],[23.735415883902874,-6.031250770960345],[23.739585143387835,-6.035415571344262],[23.74791474415568,-6.035415571344263]]}"
5_0000000000000000000c_002d000000000000187d,Congo,Democratic Republic of the Congo,drc_bena_baya_west_diamond_region,"{""type"":""LineString"",""coordinates"":[[23.43958128361306,-5.006250589107902],[23.443750543098023,-5.002081329622929],[23.43541648322913,-4.993751728855092],[23.435416483229133,-4.981248409501231]]}"
